GEO.id,GEO.id2,GEO.display-label,HD01_VD01,HD02_VD01,HD01_VD02,HD02_VD02,HD01_VD03,HD02_VD03,HD01_VD04,HD02_VD04,HD01_VD05,HD02_VD05,HD01_VD06,HD02_VD06,HD01_VD07,HD02_VD07,HD01_VD08,HD02_VD08,HD01_VD09,HD02_VD09,HD01_VD10,HD02_VD10,HD01_VD11,HD02_VD11,HD01_VD12,HD02_VD12,HD01_VD13,HD02_VD13,HD01_VD14,HD02_VD14,HD01_VD15,HD02_VD15,HD01_VD16,HD02_VD16,HD01_VD17,HD02_VD17,HD01_VD18,HD02_VD18,HD01_VD19,HD02_VD19,HD01_VD20,HD02_VD20,HD01_VD21,HD02_VD21,HD01_VD22,HD02_VD22
Id,Id2,Geography,Estimate; Total:,Margin of Error; Total:,Estimate; Total: - Less than $100,Margin of Error; Total: - Less than $100,Estimate; Total: - $100 to $149,Margin of Error; Total: - $100 to $149,Estimate; Total: - $150 to $199,Margin of Error; Total: - $150 to $199,Estimate; Total: - $200 to $249,Margin of Error; Total: - $200 to $249,Estimate; Total: - $250 to $299,Margin of Error; Total: - $250 to $299,Estimate; Total: - $300 to $349,Margin of Error; Total: - $300 to $349,Estimate; Total: - $350 to $399,Margin of Error; Total: - $350 to $399,Estimate; Total: - $400 to $449,Margin of Error; Total: - $400 to $449,Estimate; Total: - $450 to $499,Margin of Error; Total: - $450 to $499,Estimate; Total: - $500 to $549,Margin of Error; Total: - $500 to $549,Estimate; Total: - $550 to $599,Margin of Error; Total: - $550 to $599,Estimate; Total: - $600 to $649,Margin of Error; Total: - $600 to $649,Estimate; Total: - $650 to $699,Margin of Error; Total: - $650 to $699,Estimate; Total: - $700 to $749,Margin of Error; Total: - $700 to $749,Estimate; Total: - $750 to $799,Margin of Error; Total: - $750 to $799,Estimate; Total: - $800 to $899,Margin of Error; Total: - $800 to $899,Estimate; Total: - $900 to $999,Margin of Error; Total: - $900 to $999,"Estimate; Total: - $1,000 to $1,249","Margin of Error; Total: - $1,000 to $1,249","Estimate; Total: - $1,250 to $1,499","Margin of Error; Total: - $1,250 to $1,499","Estimate; Total: - $1,500 to $1,999","Margin of Error; Total: - $1,500 to $1,999","Estimate; Total: - $2,000 or more","Margin of Error; Total: - $2,000 or more"
1500000US060871001001,060871001001,"Block Group 1, Census Tract 1001, Santa Cruz County, California",0,12,0,12,0,12,0,12,0,12,0,12,0,12,0,12,0,12,0,12,0,12,0,12,0,12,0,12,0,12,0,12,0,12,0,12,0,12,0,12,0,12,0,12
1500000US060871001002,060871001002,"Block Group 2, Census Tract 1001, Santa Cruz County, California",38,56,0,12,0,12,0,12,0,12,0,12,0,12,0,12,0,12,0,12,0,12,0,12,0,12,0,12,0,12,0,12,0,12,0,12,0,12,0,12,38,56,0,12
1500000US060871002001,060871002001,"Block Group 1, Census Tract 1002, Santa Cruz County, California",0,12,0,12,0,12,0,12,0,12,0,12,0,12,0,12,0,12,0,12,0,12,0,12,0,12,0,12,0,12,0,12,0,12,0,12,0,12,0,12,0,12,0,12
1500000US060871002002,060871002002,"Block Group 2, Census Tract 1002, Santa Cruz County, California",0,12,0,12,0,12,0,12,0,12,0,12,0,12,0,12,0,12,0,12,0,12,0,12,0,12,0,12,0,12,0,12,0,12,0,12,0,12,0,12,0,12,0,12
1500000US060871002003,060871002003,"Block Group 3, Census Tract 1002, Santa Cruz County, California",0,12,0,12,0,12,0,12,0,12,0,12,0,12,0,12,0,12,0,12,0,12,0,12,0,12,0,12,0,12,0,12,0,12,0,12,0,12,0,12,0,12,0,12
1500000US060871002004,060871002004,"Block Group 4, Census Tract 1002, Santa Cruz County, California",0,12,0,12,0,12,0,12,0,12,0,12,0,12,0,12,0,12,0,12,0,12,0,12,0,12,0,12,0,12,0,12,0,12,0,12,0,12,0,12,0,12,0,12
1500000US060871002005,060871002005,"Block Group 5, Census Tract 1002, Santa Cruz County, California",0,12,0,12,0,12,0,12,0,12,0,12,0,12,0,12,0,12,0,12,0,12,0,12,0,12,0,12,0,12,0,12,0,12,0,12,0,12,0,12,0,12,0,12
1500000US060871002006,060871002006,"Block Group 6, Census Tract 1002, Santa Cruz County, California",39,60,0,12,0,12,0,12,0,12,0,12,0,12,0,12,0,12,0,12,0,12,0,12,0,12,0,12,0,12,0,12,0,12,0,12,39,60,0,12,0,12,0,12
1500000US060871002007,060871002007,"Block Group 7, Census Tract 1002, Santa Cruz County, California",0,12,0,12,0,12,0,12,0,12,0,12,0,12,0,12,0,12,0,12,0,12,0,12,0,12,0,12,0,12,0,12,0,12,0,12,0,12,0,12,0,12,0,12
1500000US060871003001,060871003001,"Block Group 1, Census Tract 1003, Santa Cruz County, California",0,12,0,12,0,12,0,12,0,12,0,12,0,12,0,12,0,12,0,12,0,12,0,12,0,12,0,12,0,12,0,12,0,12,0,12,0,12,0,12,0,12,0,12
1500000US060871003002,060871003002,"Block Group 2, Census Tract 1003, Santa Cruz County, California",0,12,0,12,0,12,0,12,0,12,0,12,0,12,0,12,0,12,0,12,0,12,0,12,0,12,0,12,0,12,0,12,0,12,0,12,0,12,0,12,0,12,0,12
1500000US060871004001,060871004001,"Block Group 1, Census Tract 1004, Santa Cruz County, California",9,15,0,12,0,12,0,12,0,12,0,12,0,12,0,12,0,12,0,12,0,12,0,12,0,12,0,12,0,12,0,12,0,12,0,12,0,12,9,15,0,12,0,12
1500000US060871004002,060871004002,"Block Group 2, Census Tract 1004, Santa Cruz County, California",0,12,0,12,0,12,0,12,0,12,0,12,0,12,0,12,0,12,0,12,0,12,0,12,0,12,0,12,0,12,0,12,0,12,0,12,0,12,0,12,0,12,0,12
1500000US060871004003,060871004003,"Block Group 3, Census Tract 1004, Santa Cruz County, California",31,33,0,12,0,12,0,12,0,12,0,12,0,12,0,12,0,12,0,12,0,12,0,12,0,12,0,12,0,12,0,12,0,12,0,12,0,12,31,33,0,12,0,12
1500000US060871005001,060871005001,"Block Group 1, Census Tract 1005, Santa Cruz County, California",46,72,0,12,0,12,0,12,0,12,0,12,0,12,0,12,0,12,0,12,0,12,0,12,0,12,0,12,0,12,0,12,0,12,0,12,0,12,0,12,0,12,46,72
1500000US060871005002,060871005002,"Block Group 2, Census Tract 1005, Santa Cruz County, California",0,12,0,12,0,12,0,12,0,12,0,12,0,12,0,12,0,12,0,12,0,12,0,12,0,12,0,12,0,12,0,12,0,12,0,12,0,12,0,12,0,12,0,12
1500000US060871005003,060871005003,"Block Group 3, Census Tract 1005, Santa Cruz County, California",142,120,0,12,0,12,0,12,0,12,0,12,0,12,0,12,0,12,0,12,0,12,0,12,0,12,0,12,0,12,0,12,0,12,0,12,0,12,0,12,101,110,41,64
1500000US060871006001,060871006001,"Block Group 1, Census Tract 1006, Santa Cruz County, California",45,55,0,12,0,12,0,12,0,12,0,12,0,12,0,12,0,12,0,12,0,12,0,12,0,12,0,12,0,12,0,12,0,12,0,12,0,12,0,12,11,17,34,53
1500000US060871006002,060871006002,"Block Group 2, Census Tract 1006, Santa Cruz County, California",0,12,0,12,0,12,0,12,0,12,0,12,0,12,0,12,0,12,0,12,0,12,0,12,0,12,0,12,0,12,0,12,0,12,0,12,0,12,0,12,0,12,0,12
1500000US060871006003,060871006003,"Block Group 3, Census Tract 1006, Santa Cruz County, California",0,12,0,12,0,12,0,12,0,12,0,12,0,12,0,12,0,12,0,12,0,12,0,12,0,12,0,12,0,12,0,12,0,12,0,12,0,12,0,12,0,12,0,12
1500000US060871007001,060871007001,"Block Group 1, Census Tract 1007, Santa Cruz County, California",4,7,0,12,0,12,0,12,0,12,0,12,0,12,0,12,0,12,0,12,0,12,0,12,0,12,0,12,0,12,0,12,0,12,4,7,0,12,0,12,0,12,0,12
1500000US060871007002,060871007002,"Block Group 2, Census Tract 1007, Santa Cruz County, California",78,56,0,12,0,12,0,12,0,12,0,12,0,12,0,12,0,12,0,12,0,12,50,40,0,12,0,12,0,12,0,12,0,12,28,43,0,12,0,12,0,12,0,12
1500000US060871008001,060871008001,"Block Group 1, Census Tract 1008, Santa Cruz County, California",0,12,0,12,0,12,0,12,0,12,0,12,0,12,0,12,0,12,0,12,0,12,0,12,0,12,0,12,0,12,0,12,0,12,0,12,0,12,0,12,0,12,0,12
1500000US060871008002,060871008002,"Block Group 2, Census Tract 1008, Santa Cruz County, California",36,56,0,12,0,12,0,12,0,12,0,12,0,12,0,12,0,12,0,12,0,12,0,12,0,12,0,12,0,12,0,12,0,12,0,12,0,12,0,12,0,12,36,56
1500000US060871008003,060871008003,"Block Group 3, Census Tract 1008, Santa Cruz County, California",0,12,0,12,0,12,0,12,0,12,0,12,0,12,0,12,0,12,0,12,0,12,0,12,0,12,0,12,0,12,0,12,0,12,0,12,0,12,0,12,0,12,0,12
1500000US060871008004,060871008004,"Block Group 4, Census Tract 1008, Santa Cruz County, California",14,23,0,12,0,12,0,12,0,12,0,12,0,12,0,12,0,12,0,12,0,12,0,12,0,12,0,12,0,12,0,12,0,12,0,12,14,23,0,12,0,12,0,12
1500000US060871008005,060871008005,"Block Group 5, Census Tract 1008, Santa Cruz County, California",76,88,0,12,0,12,0,12,0,12,0,12,0,12,0,12,0,12,0,12,0,12,0,12,0,12,0,12,0,12,0,12,0,12,40,64,0,12,36,58,0,12,0,12
1500000US060871008006,060871008006,"Block Group 6, Census Tract 1008, Santa Cruz County, California",0,12,0,12,0,12,0,12,0,12,0,12,0,12,0,12,0,12,0,12,0,12,0,12,0,12,0,12,0,12,0,12,0,12,0,12,0,12,0,12,0,12,0,12
1500000US060871009001,060871009001,"Block Group 1, Census Tract 1009, Santa Cruz County, California",0,12,0,12,0,12,0,12,0,12,0,12,0,12,0,12,0,12,0,12,0,12,0,12,0,12,0,12,0,12,0,12,0,12,0,12,0,12,0,12,0,12,0,12
1500000US060871009002,060871009002,"Block Group 2, Census Tract 1009, Santa Cruz County, California",0,12,0,12,0,12,0,12,0,12,0,12,0,12,0,12,0,12,0,12,0,12,0,12,0,12,0,12,0,12,0,12,0,12,0,12,0,12,0,12,0,12,0,12
1500000US060871009003,060871009003,"Block Group 3, Census Tract 1009, Santa Cruz County, California",0,12,0,12,0,12,0,12,0,12,0,12,0,12,0,12,0,12,0,12,0,12,0,12,0,12,0,12,0,12,0,12,0,12,0,12,0,12,0,12,0,12,0,12
1500000US060871009004,060871009004,"Block Group 4, Census Tract 1009, Santa Cruz County, California",0,12,0,12,0,12,0,12,0,12,0,12,0,12,0,12,0,12,0,12,0,12,0,12,0,12,0,12,0,12,0,12,0,12,0,12,0,12,0,12,0,12,0,12
1500000US060871009005,060871009005,"Block Group 5, Census Tract 1009, Santa Cruz County, California",0,12,0,12,0,12,0,12,0,12,0,12,0,12,0,12,0,12,0,12,0,12,0,12,0,12,0,12,0,12,0,12,0,12,0,12,0,12,0,12,0,12,0,12
1500000US060871010001,060871010001,"Block Group 1, Census Tract 1010, Santa Cruz County, California",39,63,0,12,0,12,0,12,0,12,0,12,0,12,0,12,0,12,0,12,0,12,0,12,0,12,0,12,0,12,0,12,0,12,0,12,0,12,0,12,0,12,39,63
1500000US060871010002,060871010002,"Block Group 2, Census Tract 1010, Santa Cruz County, California",35,57,0,12,0,12,0,12,0,12,0,12,0,12,0,12,0,12,0,12,0,12,0,12,0,12,0,12,0,12,0,12,0,12,0,12,0,12,0,12,0,12,35,57
1500000US060871010003,060871010003,"Block Group 3, Census Tract 1010, Santa Cruz County, California",0,12,0,12,0,12,0,12,0,12,0,12,0,12,0,12,0,12,0,12,0,12,0,12,0,12,0,12,0,12,0,12,0,12,0,12,0,12,0,12,0,12,0,12
1500000US060871010004,060871010004,"Block Group 4, Census Tract 1010, Santa Cruz County, California",82,80,0,12,0,12,0,12,0,12,0,12,0,12,0,12,0,12,0,12,0,12,0,12,0,12,0,12,0,12,0,12,11,19,0,12,36,57,35,53,0,12,0,12
1500000US060871010005,060871010005,"Block Group 5, Census Tract 1010, Santa Cruz County, California",0,12,0,12,0,12,0,12,0,12,0,12,0,12,0,12,0,12,0,12,0,12,0,12,0,12,0,12,0,12,0,12,0,12,0,12,0,12,0,12,0,12,0,12
1500000US060871010006,060871010006,"Block Group 6, Census Tract 1010, Santa Cruz County, California",11,17,0,12,0,12,0,12,0,12,0,12,0,12,0,12,0,12,0,12,0,12,0,12,0,12,0,12,0,12,0,12,0,12,0,12,0,12,0,12,0,12,11,17
1500000US060871010007,060871010007,"Block Group 7, Census Tract 1010, Santa Cruz County, California",34,55,0,12,0,12,0,12,0,12,0,12,0,12,0,12,0,12,0,12,0,12,0,12,0,12,0,12,0,12,0,12,0,12,0,12,34,55,0,12,0,12,0,12
1500000US060871011001,060871011001,"Block Group 1, Census Tract 1011, Santa Cruz County, California",0,12,0,12,0,12,0,12,0,12,0,12,0,12,0,12,0,12,0,12,0,12,0,12,0,12,0,12,0,12,0,12,0,12,0,12,0,12,0,12,0,12,0,12
1500000US060871011002,060871011002,"Block Group 2, Census Tract 1011, Santa Cruz County, California",0,12,0,12,0,12,0,12,0,12,0,12,0,12,0,12,0,12,0,12,0,12,0,12,0,12,0,12,0,12,0,12,0,12,0,12,0,12,0,12,0,12,0,12
1500000US060871011003,060871011003,"Block Group 3, Census Tract 1011, Santa Cruz County, California",0,12,0,12,0,12,0,12,0,12,0,12,0,12,0,12,0,12,0,12,0,12,0,12,0,12,0,12,0,12,0,12,0,12,0,12,0,12,0,12,0,12,0,12
1500000US060871011004,060871011004,"Block Group 4, Census Tract 1011, Santa Cruz County, California",46,73,0,12,0,12,0,12,0,12,0,12,0,12,0,12,0,12,0,12,0,12,0,12,0,12,0,12,0,12,0,12,0,12,0,12,0,12,46,73,0,12,0,12
1500000US060871011005,060871011005,"Block Group 5, Census Tract 1011, Santa Cruz County, California",36,59,0,12,0,12,0,12,0,12,0,12,0,12,0,12,0,12,0,12,0,12,0,12,0,12,0,12,0,12,0,12,0,12,0,12,0,12,36,59,0,12,0,12
1500000US060871012001,060871012001,"Block Group 1, Census Tract 1012, Santa Cruz County, California",29,45,0,12,0,12,0,12,0,12,0,12,0,12,0,12,0,12,0,12,0,12,0,12,0,12,0,12,0,12,0,12,0,12,0,12,0,12,0,12,0,12,29,45
1500000US060871012002,060871012002,"Block Group 2, Census Tract 1012, Santa Cruz County, California",30,46,0,12,0,12,0,12,0,12,0,12,0,12,0,12,0,12,0,12,0,12,0,12,0,12,0,12,0,12,0,12,0,12,0,12,0,12,0,12,0,12,30,46
1500000US060871012003,060871012003,"Block Group 3, Census Tract 1012, Santa Cruz County, California",0,12,0,12,0,12,0,12,0,12,0,12,0,12,0,12,0,12,0,12,0,12,0,12,0,12,0,12,0,12,0,12,0,12,0,12,0,12,0,12,0,12,0,12
1500000US060871101001,060871101001,"Block Group 1, Census Tract 1101, Santa Cruz County, California",50,82,0,12,0,12,0,12,0,12,0,12,0,12,0,12,0,12,0,12,0,12,0,12,0,12,0,12,0,12,0,12,0,12,50,82,0,12,0,12,0,12,0,12
1500000US060871101002,060871101002,"Block Group 2, Census Tract 1101, Santa Cruz County, California",0,12,0,12,0,12,0,12,0,12,0,12,0,12,0,12,0,12,0,12,0,12,0,12,0,12,0,12,0,12,0,12,0,12,0,12,0,12,0,12,0,12,0,12
1500000US060871101003,060871101003,"Block Group 3, Census Tract 1101, Santa Cruz County, California",0,12,0,12,0,12,0,12,0,12,0,12,0,12,0,12,0,12,0,12,0,12,0,12,0,12,0,12,0,12,0,12,0,12,0,12,0,12,0,12,0,12,0,12
1500000US060871101004,060871101004,"Block Group 4, Census Tract 1101, Santa Cruz County, California",0,12,0,12,0,12,0,12,0,12,0,12,0,12,0,12,0,12,0,12,0,12,0,12,0,12,0,12,0,12,0,12,0,12,0,12,0,12,0,12,0,12,0,12
1500000US060871102001,060871102001,"Block Group 1, Census Tract 1102, Santa Cruz County, California",0,12,0,12,0,12,0,12,0,12,0,12,0,12,0,12,0,12,0,12,0,12,0,12,0,12,0,12,0,12,0,12,0,12,0,12,0,12,0,12,0,12,0,12
1500000US060871102002,060871102002,"Block Group 2, Census Tract 1102, Santa Cruz County, California",0,12,0,12,0,12,0,12,0,12,0,12,0,12,0,12,0,12,0,12,0,12,0,12,0,12,0,12,0,12,0,12,0,12,0,12,0,12,0,12,0,12,0,12
1500000US060871102003,060871102003,"Block Group 3, Census Tract 1102, Santa Cruz County, California",0,12,0,12,0,12,0,12,0,12,0,12,0,12,0,12,0,12,0,12,0,12,0,12,0,12,0,12,0,12,0,12,0,12,0,12,0,12,0,12,0,12,0,12
1500000US060871102004,060871102004,"Block Group 4, Census Tract 1102, Santa Cruz County, California",0,12,0,12,0,12,0,12,0,12,0,12,0,12,0,12,0,12,0,12,0,12,0,12,0,12,0,12,0,12,0,12,0,12,0,12,0,12,0,12,0,12,0,12
1500000US060871102005,060871102005,"Block Group 5, Census Tract 1102, Santa Cruz County, California",0,12,0,12,0,12,0,12,0,12,0,12,0,12,0,12,0,12,0,12,0,12,0,12,0,12,0,12,0,12,0,12,0,12,0,12,0,12,0,12,0,12,0,12
1500000US060871103001,060871103001,"Block Group 1, Census Tract 1103, Santa Cruz County, California",18,28,0,12,0,12,0,12,0,12,0,12,0,12,0,12,18,28,0,12,0,12,0,12,0,12,0,12,0,12,0,12,0,12,0,12,0,12,0,12,0,12,0,12
1500000US060871103002,060871103002,"Block Group 2, Census Tract 1103, Santa Cruz County, California",6,11,0,12,0,12,0,12,0,12,0,12,0,12,0,12,0,12,0,12,0,12,0,12,0,12,0,12,0,12,6,11,0,12,0,12,0,12,0,12,0,12,0,12
1500000US060871103003,060871103003,"Block Group 3, Census Tract 1103, Santa Cruz County, California",32,37,0,12,0,12,0,12,0,12,0,12,0,12,0,12,19,31,0,12,0,12,0,12,13,22,0,12,0,12,0,12,0,12,0,12,0,12,0,12,0,12,0,12
1500000US060871103004,060871103004,"Block Group 4, Census Tract 1103, Santa Cruz County, California",0,12,0,12,0,12,0,12,0,12,0,12,0,12,0,12,0,12,0,12,0,12,0,12,0,12,0,12,0,12,0,12,0,12,0,12,0,12,0,12,0,12,0,12
1500000US060871104001,060871104001,"Block Group 1, Census Tract 1104, Santa Cruz County, California",52,47,0,12,0,12,0,12,0,12,0,12,0,12,0,12,0,12,0,12,0,12,0,12,0,12,0,12,0,12,20,30,0,12,0,12,0,12,19,31,13,18,0,12
1500000US060871104002,060871104002,"Block Group 2, Census Tract 1104, Santa Cruz County, California",0,12,0,12,0,12,0,12,0,12,0,12,0,12,0,12,0,12,0,12,0,12,0,12,0,12,0,12,0,12,0,12,0,12,0,12,0,12,0,12,0,12,0,12
1500000US060871104003,060871104003,"Block Group 3, Census Tract 1104, Santa Cruz County, California",0,12,0,12,0,12,0,12,0,12,0,12,0,12,0,12,0,12,0,12,0,12,0,12,0,12,0,12,0,12,0,12,0,12,0,12,0,12,0,12,0,12,0,12
1500000US060871104004,060871104004,"Block Group 4, Census Tract 1104, Santa Cruz County, California",0,12,0,12,0,12,0,12,0,12,0,12,0,12,0,12,0,12,0,12,0,12,0,12,0,12,0,12,0,12,0,12,0,12,0,12,0,12,0,12,0,12,0,12
1500000US060871105011,060871105011,"Block Group 1, Census Tract 1105.01, Santa Cruz County, California",58,66,0,12,0,12,0,12,0,12,0,12,0,12,0,12,0,12,0,12,0,12,0,12,0,12,0,12,0,12,0,12,0,12,0,12,28,46,0,12,30,49,0,12
1500000US060871105012,060871105012,"Block Group 2, Census Tract 1105.01, Santa Cruz County, California",38,61,0,12,0,12,0,12,0,12,0,12,0,12,0,12,0,12,0,12,0,12,0,12,0,12,0,12,0,12,0,12,0,12,0,12,38,61,0,12,0,12,0,12
1500000US060871105013,060871105013,"Block Group 3, Census Tract 1105.01, Santa Cruz County, California",0,12,0,12,0,12,0,12,0,12,0,12,0,12,0,12,0,12,0,12,0,12,0,12,0,12,0,12,0,12,0,12,0,12,0,12,0,12,0,12,0,12,0,12
1500000US060871105014,060871105014,"Block Group 4, Census Tract 1105.01, Santa Cruz County, California",50,71,0,12,0,12,0,12,0,12,0,12,0,12,0,12,0,12,0,12,0,12,0,12,0,12,0,12,0,12,0,12,0,12,0,12,0,12,0,12,0,12,50,71
1500000US060871105021,060871105021,"Block Group 1, Census Tract 1105.02, Santa Cruz County, California",0,12,0,12,0,12,0,12,0,12,0,12,0,12,0,12,0,12,0,12,0,12,0,12,0,12,0,12,0,12,0,12,0,12,0,12,0,12,0,12,0,12,0,12
1500000US060871105022,060871105022,"Block Group 2, Census Tract 1105.02, Santa Cruz County, California",27,43,0,12,0,12,0,12,0,12,0,12,0,12,0,12,0,12,0,12,0,12,27,43,0,12,0,12,0,12,0,12,0,12,0,12,0,12,0,12,0,12,0,12
1500000US060871105023,060871105023,"Block Group 3, Census Tract 1105.02, Santa Cruz County, California",0,12,0,12,0,12,0,12,0,12,0,12,0,12,0,12,0,12,0,12,0,12,0,12,0,12,0,12,0,12,0,12,0,12,0,12,0,12,0,12,0,12,0,12
1500000US060871106001,060871106001,"Block Group 1, Census Tract 1106, Santa Cruz County, California",0,12,0,12,0,12,0,12,0,12,0,12,0,12,0,12,0,12,0,12,0,12,0,12,0,12,0,12,0,12,0,12,0,12,0,12,0,12,0,12,0,12,0,12
1500000US060871106002,060871106002,"Block Group 2, Census Tract 1106, Santa Cruz County, California",0,12,0,12,0,12,0,12,0,12,0,12,0,12,0,12,0,12,0,12,0,12,0,12,0,12,0,12,0,12,0,12,0,12,0,12,0,12,0,12,0,12,0,12
1500000US060871106003,060871106003,"Block Group 3, Census Tract 1106, Santa Cruz County, California",0,12,0,12,0,12,0,12,0,12,0,12,0,12,0,12,0,12,0,12,0,12,0,12,0,12,0,12,0,12,0,12,0,12,0,12,0,12,0,12,0,12,0,12
1500000US060871106004,060871106004,"Block Group 4, Census Tract 1106, Santa Cruz County, California",29,49,0,12,0,12,0,12,0,12,0,12,29,49,0,12,0,12,0,12,0,12,0,12,0,12,0,12,0,12,0,12,0,12,0,12,0,12,0,12,0,12,0,12
1500000US060871106005,060871106005,"Block Group 5, Census Tract 1106, Santa Cruz County, California",52,74,0,12,0,12,0,12,0,12,0,12,0,12,0,12,0,12,0,12,0,12,0,12,0,12,0,12,0,12,0,12,0,12,52,74,0,12,0,12,0,12,0,12
1500000US060871107001,060871107001,"Block Group 1, Census Tract 1107, Santa Cruz County, California",0,12,0,12,0,12,0,12,0,12,0,12,0,12,0,12,0,12,0,12,0,12,0,12,0,12,0,12,0,12,0,12,0,12,0,12,0,12,0,12,0,12,0,12
1500000US060871107002,060871107002,"Block Group 2, Census Tract 1107, Santa Cruz County, California",15,24,0,12,0,12,0,12,0,12,0,12,0,12,0,12,0,12,0,12,0,12,0,12,0,12,0,12,0,12,0,12,0,12,0,12,0,12,0,12,0,12,15,24
1500000US060871107003,060871107003,"Block Group 3, Census Tract 1107, Santa Cruz County, California",0,12,0,12,0,12,0,12,0,12,0,12,0,12,0,12,0,12,0,12,0,12,0,12,0,12,0,12,0,12,0,12,0,12,0,12,0,12,0,12,0,12,0,12
1500000US060871202001,060871202001,"Block Group 1, Census Tract 1202, Santa Cruz County, California",21,27,0,12,0,12,0,12,0,12,0,12,0,12,0,12,0,12,0,12,0,12,0,12,0,12,0,12,0,12,0,12,6,11,0,12,0,12,0,12,15,24,0,12
1500000US060871202002,060871202002,"Block Group 2, Census Tract 1202, Santa Cruz County, California",5,8,0,12,0,12,0,12,0,12,0,12,0,12,0,12,0,12,0,12,0,12,0,12,0,12,0,12,0,12,0,12,0,12,0,12,0,12,0,12,0,12,5,8
1500000US060871203011,060871203011,"Block Group 1, Census Tract 1203.01, Santa Cruz County, California",0,12,0,12,0,12,0,12,0,12,0,12,0,12,0,12,0,12,0,12,0,12,0,12,0,12,0,12,0,12,0,12,0,12,0,12,0,12,0,12,0,12,0,12
1500000US060871203012,060871203012,"Block Group 2, Census Tract 1203.01, Santa Cruz County, California",0,12,0,12,0,12,0,12,0,12,0,12,0,12,0,12,0,12,0,12,0,12,0,12,0,12,0,12,0,12,0,12,0,12,0,12,0,12,0,12,0,12,0,12
1500000US060871203013,060871203013,"Block Group 3, Census Tract 1203.01, Santa Cruz County, California",41,63,0,12,0,12,0,12,0,12,0,12,0,12,0,12,0,12,0,12,0,12,0,12,0,12,0,12,0,12,0,12,0,12,0,12,0,12,0,12,41,63,0,12
1500000US060871203021,060871203021,"Block Group 1, Census Tract 1203.02, Santa Cruz County, California",0,12,0,12,0,12,0,12,0,12,0,12,0,12,0,12,0,12,0,12,0,12,0,12,0,12,0,12,0,12,0,12,0,12,0,12,0,12,0,12,0,12,0,12
1500000US060871203022,060871203022,"Block Group 2, Census Tract 1203.02, Santa Cruz County, California",0,12,0,12,0,12,0,12,0,12,0,12,0,12,0,12,0,12,0,12,0,12,0,12,0,12,0,12,0,12,0,12,0,12,0,12,0,12,0,12,0,12,0,12
1500000US060871203023,060871203023,"Block Group 3, Census Tract 1203.02, Santa Cruz County, California",0,12,0,12,0,12,0,12,0,12,0,12,0,12,0,12,0,12,0,12,0,12,0,12,0,12,0,12,0,12,0,12,0,12,0,12,0,12,0,12,0,12,0,12
1500000US060871204001,060871204001,"Block Group 1, Census Tract 1204, Santa Cruz County, California",0,12,0,12,0,12,0,12,0,12,0,12,0,12,0,12,0,12,0,12,0,12,0,12,0,12,0,12,0,12,0,12,0,12,0,12,0,12,0,12,0,12,0,12
1500000US060871204002,060871204002,"Block Group 2, Census Tract 1204, Santa Cruz County, California",0,12,0,12,0,12,0,12,0,12,0,12,0,12,0,12,0,12,0,12,0,12,0,12,0,12,0,12,0,12,0,12,0,12,0,12,0,12,0,12,0,12,0,12
1500000US060871204003,060871204003,"Block Group 3, Census Tract 1204, Santa Cruz County, California",0,12,0,12,0,12,0,12,0,12,0,12,0,12,0,12,0,12,0,12,0,12,0,12,0,12,0,12,0,12,0,12,0,12,0,12,0,12,0,12,0,12,0,12
1500000US060871204004,060871204004,"Block Group 4, Census Tract 1204, Santa Cruz County, California",0,12,0,12,0,12,0,12,0,12,0,12,0,12,0,12,0,12,0,12,0,12,0,12,0,12,0,12,0,12,0,12,0,12,0,12,0,12,0,12,0,12,0,12
1500000US060871205001,060871205001,"Block Group 1, Census Tract 1205, Santa Cruz County, California",0,12,0,12,0,12,0,12,0,12,0,12,0,12,0,12,0,12,0,12,0,12,0,12,0,12,0,12,0,12,0,12,0,12,0,12,0,12,0,12,0,12,0,12
1500000US060871205002,060871205002,"Block Group 2, Census Tract 1205, Santa Cruz County, California",0,12,0,12,0,12,0,12,0,12,0,12,0,12,0,12,0,12,0,12,0,12,0,12,0,12,0,12,0,12,0,12,0,12,0,12,0,12,0,12,0,12,0,12
1500000US060871205003,060871205003,"Block Group 3, Census Tract 1205, Santa Cruz County, California",0,12,0,12,0,12,0,12,0,12,0,12,0,12,0,12,0,12,0,12,0,12,0,12,0,12,0,12,0,12,0,12,0,12,0,12,0,12,0,12,0,12,0,12
1500000US060871205004,060871205004,"Block Group 4, Census Tract 1205, Santa Cruz County, California",0,12,0,12,0,12,0,12,0,12,0,12,0,12,0,12,0,12,0,12,0,12,0,12,0,12,0,12,0,12,0,12,0,12,0,12,0,12,0,12,0,12,0,12
1500000US060871205005,060871205005,"Block Group 5, Census Tract 1205, Santa Cruz County, California",0,12,0,12,0,12,0,12,0,12,0,12,0,12,0,12,0,12,0,12,0,12,0,12,0,12,0,12,0,12,0,12,0,12,0,12,0,12,0,12,0,12,0,12
1500000US060871206001,060871206001,"Block Group 1, Census Tract 1206, Santa Cruz County, California",0,12,0,12,0,12,0,12,0,12,0,12,0,12,0,12,0,12,0,12,0,12,0,12,0,12,0,12,0,12,0,12,0,12,0,12,0,12,0,12,0,12,0,12
1500000US060871206002,060871206002,"Block Group 2, Census Tract 1206, Santa Cruz County, California",0,12,0,12,0,12,0,12,0,12,0,12,0,12,0,12,0,12,0,12,0,12,0,12,0,12,0,12,0,12,0,12,0,12,0,12,0,12,0,12,0,12,0,12
1500000US060871206003,060871206003,"Block Group 3, Census Tract 1206, Santa Cruz County, California",0,12,0,12,0,12,0,12,0,12,0,12,0,12,0,12,0,12,0,12,0,12,0,12,0,12,0,12,0,12,0,12,0,12,0,12,0,12,0,12,0,12,0,12
1500000US060871206004,060871206004,"Block Group 4, Census Tract 1206, Santa Cruz County, California",0,12,0,12,0,12,0,12,0,12,0,12,0,12,0,12,0,12,0,12,0,12,0,12,0,12,0,12,0,12,0,12,0,12,0,12,0,12,0,12,0,12,0,12
1500000US060871206005,060871206005,"Block Group 5, Census Tract 1206, Santa Cruz County, California",0,12,0,12,0,12,0,12,0,12,0,12,0,12,0,12,0,12,0,12,0,12,0,12,0,12,0,12,0,12,0,12,0,12,0,12,0,12,0,12,0,12,0,12
1500000US060871207001,060871207001,"Block Group 1, Census Tract 1207, Santa Cruz County, California",0,12,0,12,0,12,0,12,0,12,0,12,0,12,0,12,0,12,0,12,0,12,0,12,0,12,0,12,0,12,0,12,0,12,0,12,0,12,0,12,0,12,0,12
1500000US060871207002,060871207002,"Block Group 2, Census Tract 1207, Santa Cruz County, California",30,47,0,12,0,12,0,12,0,12,0,12,0,12,0,12,0,12,0,12,0,12,0,12,0,12,0,12,0,12,0,12,0,12,0,12,0,12,0,12,0,12,30,47
1500000US060871207003,060871207003,"Block Group 3, Census Tract 1207, Santa Cruz County, California",0,12,0,12,0,12,0,12,0,12,0,12,0,12,0,12,0,12,0,12,0,12,0,12,0,12,0,12,0,12,0,12,0,12,0,12,0,12,0,12,0,12,0,12
1500000US060871208001,060871208001,"Block Group 1, Census Tract 1208, Santa Cruz County, California",37,57,0,12,0,12,0,12,0,12,0,12,0,12,0,12,0,12,0,12,0,12,0,12,0,12,0,12,0,12,0,12,0,12,0,12,0,12,0,12,0,12,37,57
1500000US060871208002,060871208002,"Block Group 2, Census Tract 1208, Santa Cruz County, California",0,12,0,12,0,12,0,12,0,12,0,12,0,12,0,12,0,12,0,12,0,12,0,12,0,12,0,12,0,12,0,12,0,12,0,12,0,12,0,12,0,12,0,12
1500000US060871208003,060871208003,"Block Group 3, Census Tract 1208, Santa Cruz County, California",0,12,0,12,0,12,0,12,0,12,0,12,0,12,0,12,0,12,0,12,0,12,0,12,0,12,0,12,0,12,0,12,0,12,0,12,0,12,0,12,0,12,0,12
1500000US060871209001,060871209001,"Block Group 1, Census Tract 1209, Santa Cruz County, California",38,61,0,12,0,12,0,12,0,12,0,12,0,12,0,12,0,12,0,12,0,12,0,12,0,12,0,12,0,12,38,61,0,12,0,12,0,12,0,12,0,12,0,12
1500000US060871209002,060871209002,"Block Group 2, Census Tract 1209, Santa Cruz County, California",0,12,0,12,0,12,0,12,0,12,0,12,0,12,0,12,0,12,0,12,0,12,0,12,0,12,0,12,0,12,0,12,0,12,0,12,0,12,0,12,0,12,0,12
1500000US060871209003,060871209003,"Block Group 3, Census Tract 1209, Santa Cruz County, California",0,12,0,12,0,12,0,12,0,12,0,12,0,12,0,12,0,12,0,12,0,12,0,12,0,12,0,12,0,12,0,12,0,12,0,12,0,12,0,12,0,12,0,12
1500000US060871209004,060871209004,"Block Group 4, Census Tract 1209, Santa Cruz County, California",0,12,0,12,0,12,0,12,0,12,0,12,0,12,0,12,0,12,0,12,0,12,0,12,0,12,0,12,0,12,0,12,0,12,0,12,0,12,0,12,0,12,0,12
1500000US060871210001,060871210001,"Block Group 1, Census Tract 1210, Santa Cruz County, California",40,51,0,12,0,12,0,12,0,12,0,12,0,12,0,12,0,12,0,12,0,12,0,12,0,12,0,12,0,12,0,12,10,17,0,12,0,12,0,12,30,48,0,12
1500000US060871210002,060871210002,"Block Group 2, Census Tract 1210, Santa Cruz County, California",23,34,0,12,0,12,0,12,0,12,0,12,0,12,0,12,0,12,0,12,0,12,0,12,0,12,0,12,0,12,0,12,0,12,0,12,0,12,0,12,23,34,0,12
1500000US060871210003,060871210003,"Block Group 3, Census Tract 1210, Santa Cruz County, California",0,12,0,12,0,12,0,12,0,12,0,12,0,12,0,12,0,12,0,12,0,12,0,12,0,12,0,12,0,12,0,12,0,12,0,12,0,12,0,12,0,12,0,12
1500000US060871211001,060871211001,"Block Group 1, Census Tract 1211, Santa Cruz County, California",0,12,0,12,0,12,0,12,0,12,0,12,0,12,0,12,0,12,0,12,0,12,0,12,0,12,0,12,0,12,0,12,0,12,0,12,0,12,0,12,0,12,0,12
1500000US060871211002,060871211002,"Block Group 2, Census Tract 1211, Santa Cruz County, California",0,12,0,12,0,12,0,12,0,12,0,12,0,12,0,12,0,12,0,12,0,12,0,12,0,12,0,12,0,12,0,12,0,12,0,12,0,12,0,12,0,12,0,12
1500000US060871212001,060871212001,"Block Group 1, Census Tract 1212, Santa Cruz County, California",3,6,0,12,0,12,0,12,0,12,0,12,0,12,0,12,0,12,0,12,0,12,0,12,0,12,0,12,0,12,0,12,0,12,0,12,0,12,0,12,0,12,3,6
1500000US060871212002,060871212002,"Block Group 2, Census Tract 1212, Santa Cruz County, California",0,12,0,12,0,12,0,12,0,12,0,12,0,12,0,12,0,12,0,12,0,12,0,12,0,12,0,12,0,12,0,12,0,12,0,12,0,12,0,12,0,12,0,12
1500000US060871212003,060871212003,"Block Group 3, Census Tract 1212, Santa Cruz County, California",0,12,0,12,0,12,0,12,0,12,0,12,0,12,0,12,0,12,0,12,0,12,0,12,0,12,0,12,0,12,0,12,0,12,0,12,0,12,0,12,0,12,0,12
1500000US060871212004,060871212004,"Block Group 4, Census Tract 1212, Santa Cruz County, California",0,12,0,12,0,12,0,12,0,12,0,12,0,12,0,12,0,12,0,12,0,12,0,12,0,12,0,12,0,12,0,12,0,12,0,12,0,12,0,12,0,12,0,12
1500000US060871212005,060871212005,"Block Group 5, Census Tract 1212, Santa Cruz County, California",0,12,0,12,0,12,0,12,0,12,0,12,0,12,0,12,0,12,0,12,0,12,0,12,0,12,0,12,0,12,0,12,0,12,0,12,0,12,0,12,0,12,0,12
1500000US060871213001,060871213001,"Block Group 1, Census Tract 1213, Santa Cruz County, California",0,12,0,12,0,12,0,12,0,12,0,12,0,12,0,12,0,12,0,12,0,12,0,12,0,12,0,12,0,12,0,12,0,12,0,12,0,12,0,12,0,12,0,12
1500000US060871213002,060871213002,"Block Group 2, Census Tract 1213, Santa Cruz County, California",38,56,0,12,0,12,0,12,0,12,0,12,0,12,0,12,0,12,0,12,0,12,0,12,0,12,0,12,0,12,0,12,0,12,0,12,0,12,0,12,0,12,38,56
1500000US060871213003,060871213003,"Block Group 3, Census Tract 1213, Santa Cruz County, California",0,12,0,12,0,12,0,12,0,12,0,12,0,12,0,12,0,12,0,12,0,12,0,12,0,12,0,12,0,12,0,12,0,12,0,12,0,12,0,12,0,12,0,12
1500000US060871213004,060871213004,"Block Group 4, Census Tract 1213, Santa Cruz County, California",0,12,0,12,0,12,0,12,0,12,0,12,0,12,0,12,0,12,0,12,0,12,0,12,0,12,0,12,0,12,0,12,0,12,0,12,0,12,0,12,0,12,0,12
1500000US060871214011,060871214011,"Block Group 1, Census Tract 1214.01, Santa Cruz County, California",0,12,0,12,0,12,0,12,0,12,0,12,0,12,0,12,0,12,0,12,0,12,0,12,0,12,0,12,0,12,0,12,0,12,0,12,0,12,0,12,0,12,0,12
1500000US060871214012,060871214012,"Block Group 2, Census Tract 1214.01, Santa Cruz County, California",0,12,0,12,0,12,0,12,0,12,0,12,0,12,0,12,0,12,0,12,0,12,0,12,0,12,0,12,0,12,0,12,0,12,0,12,0,12,0,12,0,12,0,12
1500000US060871214021,060871214021,"Block Group 1, Census Tract 1214.02, Santa Cruz County, California",0,12,0,12,0,12,0,12,0,12,0,12,0,12,0,12,0,12,0,12,0,12,0,12,0,12,0,12,0,12,0,12,0,12,0,12,0,12,0,12,0,12,0,12
1500000US060871214022,060871214022,"Block Group 2, Census Tract 1214.02, Santa Cruz County, California",0,12,0,12,0,12,0,12,0,12,0,12,0,12,0,12,0,12,0,12,0,12,0,12,0,12,0,12,0,12,0,12,0,12,0,12,0,12,0,12,0,12,0,12
1500000US060871214023,060871214023,"Block Group 3, Census Tract 1214.02, Santa Cruz County, California",0,12,0,12,0,12,0,12,0,12,0,12,0,12,0,12,0,12,0,12,0,12,0,12,0,12,0,12,0,12,0,12,0,12,0,12,0,12,0,12,0,12,0,12
1500000US060871214031,060871214031,"Block Group 1, Census Tract 1214.03, Santa Cruz County, California",28,45,0,12,0,12,0,12,0,12,0,12,0,12,0,12,0,12,0,12,0,12,0,12,0,12,0,12,0,12,0,12,0,12,0,12,0,12,0,12,0,12,28,45
1500000US060871214032,060871214032,"Block Group 2, Census Tract 1214.03, Santa Cruz County, California",0,12,0,12,0,12,0,12,0,12,0,12,0,12,0,12,0,12,0,12,0,12,0,12,0,12,0,12,0,12,0,12,0,12,0,12,0,12,0,12,0,12,0,12
1500000US060871214033,060871214033,"Block Group 3, Census Tract 1214.03, Santa Cruz County, California",0,12,0,12,0,12,0,12,0,12,0,12,0,12,0,12,0,12,0,12,0,12,0,12,0,12,0,12,0,12,0,12,0,12,0,12,0,12,0,12,0,12,0,12
1500000US060871215001,060871215001,"Block Group 1, Census Tract 1215, Santa Cruz County, California",14,22,0,12,0,12,0,12,0,12,0,12,0,12,0,12,0,12,0,12,0,12,0,12,0,12,0,12,0,12,0,12,0,12,0,12,0,12,0,12,0,12,14,22
1500000US060871215002,060871215002,"Block Group 2, Census Tract 1215, Santa Cruz County, California",0,12,0,12,0,12,0,12,0,12,0,12,0,12,0,12,0,12,0,12,0,12,0,12,0,12,0,12,0,12,0,12,0,12,0,12,0,12,0,12,0,12,0,12
1500000US060871215003,060871215003,"Block Group 3, Census Tract 1215, Santa Cruz County, California",0,12,0,12,0,12,0,12,0,12,0,12,0,12,0,12,0,12,0,12,0,12,0,12,0,12,0,12,0,12,0,12,0,12,0,12,0,12,0,12,0,12,0,12
1500000US060871215004,060871215004,"Block Group 4, Census Tract 1215, Santa Cruz County, California",0,12,0,12,0,12,0,12,0,12,0,12,0,12,0,12,0,12,0,12,0,12,0,12,0,12,0,12,0,12,0,12,0,12,0,12,0,12,0,12,0,12,0,12
1500000US060871215005,060871215005,"Block Group 5, Census Tract 1215, Santa Cruz County, California",0,12,0,12,0,12,0,12,0,12,0,12,0,12,0,12,0,12,0,12,0,12,0,12,0,12,0,12,0,12,0,12,0,12,0,12,0,12,0,12,0,12,0,12
1500000US060871216001,060871216001,"Block Group 1, Census Tract 1216, Santa Cruz County, California",0,12,0,12,0,12,0,12,0,12,0,12,0,12,0,12,0,12,0,12,0,12,0,12,0,12,0,12,0,12,0,12,0,12,0,12,0,12,0,12,0,12,0,12
1500000US060871216002,060871216002,"Block Group 2, Census Tract 1216, Santa Cruz County, California",17,28,0,12,0,12,0,12,0,12,0,12,0,12,0,12,0,12,0,12,0,12,0,12,0,12,0,12,0,12,0,12,0,12,0,12,0,12,0,12,17,28,0,12
1500000US060871216003,060871216003,"Block Group 3, Census Tract 1216, Santa Cruz County, California",95,84,0,12,0,12,0,12,0,12,0,12,33,53,0,12,0,12,0,12,0,12,0,12,0,12,0,12,0,12,0,12,0,12,0,12,48,62,0,12,14,23,0,12
1500000US060871216004,060871216004,"Block Group 4, Census Tract 1216, Santa Cruz County, California",38,63,0,12,0,12,0,12,0,12,0,12,0,12,0,12,0,12,0,12,0,12,0,12,0,12,0,12,0,12,0,12,0,12,0,12,0,12,0,12,0,12,38,63
1500000US060871216005,060871216005,"Block Group 5, Census Tract 1216, Santa Cruz County, California",0,12,0,12,0,12,0,12,0,12,0,12,0,12,0,12,0,12,0,12,0,12,0,12,0,12,0,12,0,12,0,12,0,12,0,12,0,12,0,12,0,12,0,12
1500000US060871217001,060871217001,"Block Group 1, Census Tract 1217, Santa Cruz County, California",45,75,0,12,0,12,0,12,0,12,0,12,0,12,0,12,0,12,0,12,0,12,0,12,0,12,0,12,0,12,0,12,0,12,0,12,0,12,0,12,45,75,0,12
1500000US060871217002,060871217002,"Block Group 2, Census Tract 1217, Santa Cruz County, California",0,12,0,12,0,12,0,12,0,12,0,12,0,12,0,12,0,12,0,12,0,12,0,12,0,12,0,12,0,12,0,12,0,12,0,12,0,12,0,12,0,12,0,12
1500000US060871217003,060871217003,"Block Group 3, Census Tract 1217, Santa Cruz County, California",0,12,0,12,0,12,0,12,0,12,0,12,0,12,0,12,0,12,0,12,0,12,0,12,0,12,0,12,0,12,0,12,0,12,0,12,0,12,0,12,0,12,0,12
1500000US060871217004,060871217004,"Block Group 4, Census Tract 1217, Santa Cruz County, California",36,49,0,12,0,12,0,12,0,12,0,12,0,12,0,12,0,12,0,12,0,12,0,12,0,12,0,12,0,12,0,12,0,12,0,12,0,12,0,12,0,12,36,49
1500000US060871217005,060871217005,"Block Group 5, Census Tract 1217, Santa Cruz County, California",0,12,0,12,0,12,0,12,0,12,0,12,0,12,0,12,0,12,0,12,0,12,0,12,0,12,0,12,0,12,0,12,0,12,0,12,0,12,0,12,0,12,0,12
1500000US060871217006,060871217006,"Block Group 6, Census Tract 1217, Santa Cruz County, California",74,90,0,12,0,12,0,12,0,12,0,12,0,12,0,12,0,12,0,12,0,12,0,12,0,12,0,12,0,12,0,12,0,12,0,12,0,12,0,12,0,12,74,90
1500000US060871218001,060871218001,"Block Group 1, Census Tract 1218, Santa Cruz County, California",0,12,0,12,0,12,0,12,0,12,0,12,0,12,0,12,0,12,0,12,0,12,0,12,0,12,0,12,0,12,0,12,0,12,0,12,0,12,0,12,0,12,0,12
1500000US060871218002,060871218002,"Block Group 2, Census Tract 1218, Santa Cruz County, California",24,33,0,12,0,12,0,12,0,12,0,12,0,12,0,12,0,12,0,12,0,12,0,12,0,12,0,12,0,12,0,12,0,12,0,12,0,12,0,12,24,33,0,12
1500000US060871218003,060871218003,"Block Group 3, Census Tract 1218, Santa Cruz County, California",101,111,0,12,0,12,0,12,0,12,0,12,0,12,0,12,0,12,0,12,0,12,0,12,0,12,0,12,0,12,0,12,0,12,49,79,52,83,0,12,0,12,0,12
1500000US060871218004,060871218004,"Block Group 4, Census Tract 1218, Santa Cruz County, California",0,12,0,12,0,12,0,12,0,12,0,12,0,12,0,12,0,12,0,12,0,12,0,12,0,12,0,12,0,12,0,12,0,12,0,12,0,12,0,12,0,12,0,12
1500000US060871220011,060871220011,"Block Group 1, Census Tract 1220.01, Santa Cruz County, California",0,12,0,12,0,12,0,12,0,12,0,12,0,12,0,12,0,12,0,12,0,12,0,12,0,12,0,12,0,12,0,12,0,12,0,12,0,12,0,12,0,12,0,12
1500000US060871220012,060871220012,"Block Group 2, Census Tract 1220.01, Santa Cruz County, California",0,12,0,12,0,12,0,12,0,12,0,12,0,12,0,12,0,12,0,12,0,12,0,12,0,12,0,12,0,12,0,12,0,12,0,12,0,12,0,12,0,12,0,12
1500000US060871220013,060871220013,"Block Group 3, Census Tract 1220.01, Santa Cruz County, California",0,12,0,12,0,12,0,12,0,12,0,12,0,12,0,12,0,12,0,12,0,12,0,12,0,12,0,12,0,12,0,12,0,12,0,12,0,12,0,12,0,12,0,12
1500000US060871220014,060871220014,"Block Group 4, Census Tract 1220.01, Santa Cruz County, California",0,12,0,12,0,12,0,12,0,12,0,12,0,12,0,12,0,12,0,12,0,12,0,12,0,12,0,12,0,12,0,12,0,12,0,12,0,12,0,12,0,12,0,12
1500000US060871220015,060871220015,"Block Group 5, Census Tract 1220.01, Santa Cruz County, California",0,12,0,12,0,12,0,12,0,12,0,12,0,12,0,12,0,12,0,12,0,12,0,12,0,12,0,12,0,12,0,12,0,12,0,12,0,12,0,12,0,12,0,12
1500000US060871220021,060871220021,"Block Group 1, Census Tract 1220.02, Santa Cruz County, California",0,12,0,12,0,12,0,12,0,12,0,12,0,12,0,12,0,12,0,12,0,12,0,12,0,12,0,12,0,12,0,12,0,12,0,12,0,12,0,12,0,12,0,12
1500000US060871220022,060871220022,"Block Group 2, Census Tract 1220.02, Santa Cruz County, California",0,12,0,12,0,12,0,12,0,12,0,12,0,12,0,12,0,12,0,12,0,12,0,12,0,12,0,12,0,12,0,12,0,12,0,12,0,12,0,12,0,12,0,12
1500000US060871220031,060871220031,"Block Group 1, Census Tract 1220.03, Santa Cruz County, California",0,12,0,12,0,12,0,12,0,12,0,12,0,12,0,12,0,12,0,12,0,12,0,12,0,12,0,12,0,12,0,12,0,12,0,12,0,12,0,12,0,12,0,12
1500000US060871220032,060871220032,"Block Group 2, Census Tract 1220.03, Santa Cruz County, California",0,12,0,12,0,12,0,12,0,12,0,12,0,12,0,12,0,12,0,12,0,12,0,12,0,12,0,12,0,12,0,12,0,12,0,12,0,12,0,12,0,12,0,12
1500000US060871220033,060871220033,"Block Group 3, Census Tract 1220.03, Santa Cruz County, California",0,12,0,12,0,12,0,12,0,12,0,12,0,12,0,12,0,12,0,12,0,12,0,12,0,12,0,12,0,12,0,12,0,12,0,12,0,12,0,12,0,12,0,12
1500000US060871220034,060871220034,"Block Group 4, Census Tract 1220.03, Santa Cruz County, California",42,66,0,12,0,12,0,12,0,12,0,12,0,12,0,12,0,12,0,12,0,12,0,12,0,12,0,12,0,12,0,12,0,12,0,12,42,66,0,12,0,12,0,12
1500000US060871220035,060871220035,"Block Group 5, Census Tract 1220.03, Santa Cruz County, California",0,12,0,12,0,12,0,12,0,12,0,12,0,12,0,12,0,12,0,12,0,12,0,12,0,12,0,12,0,12,0,12,0,12,0,12,0,12,0,12,0,12,0,12
1500000US060871221001,060871221001,"Block Group 1, Census Tract 1221, Santa Cruz County, California",25,40,0,12,0,12,0,12,0,12,0,12,0,12,0,12,0,12,0,12,0,12,0,12,0,12,25,40,0,12,0,12,0,12,0,12,0,12,0,12,0,12,0,12
1500000US060871221002,060871221002,"Block Group 2, Census Tract 1221, Santa Cruz County, California",0,12,0,12,0,12,0,12,0,12,0,12,0,12,0,12,0,12,0,12,0,12,0,12,0,12,0,12,0,12,0,12,0,12,0,12,0,12,0,12,0,12,0,12
1500000US060871221003,060871221003,"Block Group 3, Census Tract 1221, Santa Cruz County, California",0,12,0,12,0,12,0,12,0,12,0,12,0,12,0,12,0,12,0,12,0,12,0,12,0,12,0,12,0,12,0,12,0,12,0,12,0,12,0,12,0,12,0,12
1500000US060871222011,060871222011,"Block Group 1, Census Tract 1222.01, Santa Cruz County, California",0,12,0,12,0,12,0,12,0,12,0,12,0,12,0,12,0,12,0,12,0,12,0,12,0,12,0,12,0,12,0,12,0,12,0,12,0,12,0,12,0,12,0,12
1500000US060871222012,060871222012,"Block Group 2, Census Tract 1222.01, Santa Cruz County, California",0,12,0,12,0,12,0,12,0,12,0,12,0,12,0,12,0,12,0,12,0,12,0,12,0,12,0,12,0,12,0,12,0,12,0,12,0,12,0,12,0,12,0,12
1500000US060871222013,060871222013,"Block Group 3, Census Tract 1222.01, Santa Cruz County, California",0,12,0,12,0,12,0,12,0,12,0,12,0,12,0,12,0,12,0,12,0,12,0,12,0,12,0,12,0,12,0,12,0,12,0,12,0,12,0,12,0,12,0,12
1500000US060871222014,060871222014,"Block Group 4, Census Tract 1222.01, Santa Cruz County, California",0,12,0,12,0,12,0,12,0,12,0,12,0,12,0,12,0,12,0,12,0,12,0,12,0,12,0,12,0,12,0,12,0,12,0,12,0,12,0,12,0,12,0,12
1500000US060871222015,060871222015,"Block Group 5, Census Tract 1222.01, Santa Cruz County, California",0,12,0,12,0,12,0,12,0,12,0,12,0,12,0,12,0,12,0,12,0,12,0,12,0,12,0,12,0,12,0,12,0,12,0,12,0,12,0,12,0,12,0,12
1500000US060871222016,060871222016,"Block Group 6, Census Tract 1222.01, Santa Cruz County, California",0,12,0,12,0,12,0,12,0,12,0,12,0,12,0,12,0,12,0,12,0,12,0,12,0,12,0,12,0,12,0,12,0,12,0,12,0,12,0,12,0,12,0,12
1500000US060871222017,060871222017,"Block Group 7, Census Tract 1222.01, Santa Cruz County, California",0,12,0,12,0,12,0,12,0,12,0,12,0,12,0,12,0,12,0,12,0,12,0,12,0,12,0,12,0,12,0,12,0,12,0,12,0,12,0,12,0,12,0,12
1500000US060871222021,060871222021,"Block Group 1, Census Tract 1222.02, Santa Cruz County, California",0,12,0,12,0,12,0,12,0,12,0,12,0,12,0,12,0,12,0,12,0,12,0,12,0,12,0,12,0,12,0,12,0,12,0,12,0,12,0,12,0,12,0,12
1500000US060871222031,060871222031,"Block Group 1, Census Tract 1222.03, Santa Cruz County, California",14,22,0,12,0,12,0,12,0,12,0,12,0,12,0,12,0,12,0,12,0,12,0,12,0,12,0,12,0,12,0,12,0,12,0,12,0,12,0,12,0,12,14,22
1500000US060871222032,060871222032,"Block Group 2, Census Tract 1222.03, Santa Cruz County, California",0,12,0,12,0,12,0,12,0,12,0,12,0,12,0,12,0,12,0,12,0,12,0,12,0,12,0,12,0,12,0,12,0,12,0,12,0,12,0,12,0,12,0,12
1500000US060871223001,060871223001,"Block Group 1, Census Tract 1223, Santa Cruz County, California",25,18,0,12,0,12,0,12,0,12,0,12,0,12,0,12,0,12,0,12,0,12,0,12,0,12,0,12,0,12,0,12,0,12,8,14,0,12,0,12,7,11,10,15
1500000US060871223002,060871223002,"Block Group 2, Census Tract 1223, Santa Cruz County, California",0,12,0,12,0,12,0,12,0,12,0,12,0,12,0,12,0,12,0,12,0,12,0,12,0,12,0,12,0,12,0,12,0,12,0,12,0,12,0,12,0,12,0,12
1500000US060871223003,060871223003,"Block Group 3, Census Tract 1223, Santa Cruz County, California",0,12,0,12,0,12,0,12,0,12,0,12,0,12,0,12,0,12,0,12,0,12,0,12,0,12,0,12,0,12,0,12,0,12,0,12,0,12,0,12,0,12,0,12
1500000US060871224001,060871224001,"Block Group 1, Census Tract 1224, Santa Cruz County, California",0,12,0,12,0,12,0,12,0,12,0,12,0,12,0,12,0,12,0,12,0,12,0,12,0,12,0,12,0,12,0,12,0,12,0,12,0,12,0,12,0,12,0,12
1500000US060871224002,060871224002,"Block Group 2, Census Tract 1224, Santa Cruz County, California",0,12,0,12,0,12,0,12,0,12,0,12,0,12,0,12,0,12,0,12,0,12,0,12,0,12,0,12,0,12,0,12,0,12,0,12,0,12,0,12,0,12,0,12
1500000US060871224003,060871224003,"Block Group 3, Census Tract 1224, Santa Cruz County, California",0,12,0,12,0,12,0,12,0,12,0,12,0,12,0,12,0,12,0,12,0,12,0,12,0,12,0,12,0,12,0,12,0,12,0,12,0,12,0,12,0,12,0,12
1500000US060871224004,060871224004,"Block Group 4, Census Tract 1224, Santa Cruz County, California",49,77,0,12,0,12,0,12,0,12,0,12,0,12,0,12,0,12,0,12,0,12,0,12,0,12,0,12,0,12,0,12,0,12,0,12,0,12,0,12,49,77,0,12
1500000US060871224005,060871224005,"Block Group 5, Census Tract 1224, Santa Cruz County, California",46,72,0,12,0,12,0,12,0,12,0,12,0,12,0,12,0,12,0,12,0,12,0,12,0,12,0,12,0,12,0,12,0,12,0,12,0,12,0,12,46,72,0,12
1500000US060871224006,060871224006,"Block Group 6, Census Tract 1224, Santa Cruz County, California",0,12,0,12,0,12,0,12,0,12,0,12,0,12,0,12,0,12,0,12,0,12,0,12,0,12,0,12,0,12,0,12,0,12,0,12,0,12,0,12,0,12,0,12
1500000US060871225001,060871225001,"Block Group 1, Census Tract 1225, Santa Cruz County, California",0,12,0,12,0,12,0,12,0,12,0,12,0,12,0,12,0,12,0,12,0,12,0,12,0,12,0,12,0,12,0,12,0,12,0,12,0,12,0,12,0,12,0,12
1500000US060871225002,060871225002,"Block Group 2, Census Tract 1225, Santa Cruz County, California",0,12,0,12,0,12,0,12,0,12,0,12,0,12,0,12,0,12,0,12,0,12,0,12,0,12,0,12,0,12,0,12,0,12,0,12,0,12,0,12,0,12,0,12
1500000US060871225003,060871225003,"Block Group 3, Census Tract 1225, Santa Cruz County, California",0,12,0,12,0,12,0,12,0,12,0,12,0,12,0,12,0,12,0,12,0,12,0,12,0,12,0,12,0,12,0,12,0,12,0,12,0,12,0,12,0,12,0,12
1500000US060871225004,060871225004,"Block Group 4, Census Tract 1225, Santa Cruz County, California",0,12,0,12,0,12,0,12,0,12,0,12,0,12,0,12,0,12,0,12,0,12,0,12,0,12,0,12,0,12,0,12,0,12,0,12,0,12,0,12,0,12,0,12
1500000US060871231001,060871231001,"Block Group 1, Census Tract 1231, Santa Cruz County, California",0,12,0,12,0,12,0,12,0,12,0,12,0,12,0,12,0,12,0,12,0,12,0,12,0,12,0,12,0,12,0,12,0,12,0,12,0,12,0,12,0,12,0,12
1500000US060871231002,060871231002,"Block Group 2, Census Tract 1231, Santa Cruz County, California",12,20,0,12,0,12,0,12,0,12,0,12,0,12,0,12,0,12,0,12,0,12,0,12,0,12,0,12,0,12,0,12,0,12,0,12,0,12,0,12,12,20,0,12
1500000US060871233001,060871233001,"Block Group 1, Census Tract 1233, Santa Cruz County, California",4,7,0,12,0,12,0,12,0,12,0,12,0,12,0,12,0,12,0,12,0,12,0,12,0,12,0,12,0,12,0,12,0,12,4,7,0,12,0,12,0,12,0,12
1500000US060879901000,060879901000,"Block Group 0, Census Tract 9901, Santa Cruz County, California",0,12,0,12,0,12,0,12,0,12,0,12,0,12,0,12,0,12,0,12,0,12,0,12,0,12,0,12,0,12,0,12,0,12,0,12,0,12,0,12,0,12,0,12
